KPI,P10,P25,P50,P75,P90,Mean,Std
return_on_equity_pct,8.370767521615225,11.671358898635695,16.716051794688113,26.00564274915637,48.27674122146251,123.89715185463497,637.1447803783333
debt_to_equity,0.008129006675038002,0.058099743078219884,0.43491620111731844,1.5942703351364202,6.445624336310825,1.6688322682398915,2.863032616687874
revenue_cagr_5yr,5.838805854237616,8.440832121892061,11.836370175898114,17.183239296281414,21.08864867789759,12.950318100413172,7.382205385459933
pat_cagr_5yr,4.3594698195265895,9.86465271466127,16.2781059479576,23.77712800024647,39.277589291381965,21.10741265835075,21.548470489755804
operating_profit_margin_pct,9.837909494446341,16.008217692276524,25.833656455990695,40.154298741775634,84.04312668463612,34.668914632997186,27.512220711640186
interest_coverage,1.6106611743349857,3.179969072942309,11.355507351168956,58.089466998549725,192.2895238095238,126.12959168132556,485.94073384579076
asset_turnover,0.07325702420450533,0.21198146242264468,0.6788531553398058,1.134077393208722,1.6559406621205455,3.5044634606741893,15.847510559362842
free_cash_flow_cr,-14556.0,-1315.0,1095.0,8447.0,20445.0,897.9230769230769,23254.514296860856
roce_percentage,6.63,9.98,16.5,26.740000000000002,40.0,22.45923076923077,23.495773484265882
